heating_base_temp_c,hlc_w_per_k,heat_pump_cop,pv_area_m2,annual_pv_kwh_el,annual_heating_kwh_th,annual_heating_kwh_el,direct_overlap_kwh_el,direct_pv_coverage_ratio,annual_deficit_kwh_el,annual_surplus_kwh_el,deficit_hour_fraction,surplus_hour_fraction,symmetric_mismatch_index
18.00000000,80.00000000,2.50000000,20.00000000,4977.42120000,5746.78400000,2298.71360000,742.26840000,0.32290599,1556.44520000,4235.15280000,0.43390411,0.43127854,0.79597178
18.00000000,80.00000000,2.50000000,30.00000000,7466.13180000,5746.78400000,2298.71360000,791.20920000,0.34419651,1507.50440000,6674.92260000,0.41381279,0.45136986,0.83794742
18.00000000,80.00000000,2.50000000,40.00000000,9954.84240000,5746.78400000,2298.71360000,817.86480000,0.35579239,1480.84880000,9136.97760000,0.40228311,0.46289954,0.86650980
18.00000000,80.00000000,3.00000000,20.00000000,4977.42120000,5746.78400000,1915.59466667,638.67133333,0.33340630,1276.92333333,4338.74986667,0.42294521,0.44223744,0.81469031
18.00000000,80.00000000,3.00000000,30.00000000,7466.13180000,5746.78400000,1915.59466667,674.09126667,0.35189661,1241.50340000,6792.04053333,0.40742009,0.45776256,0.85629697
18.00000000,80.00000000,3.00000000,40.00000000,9954.84240000,5746.78400000,1915.59466667,691.98640000,0.36123842,1223.60826667,9262.85600000,0.39668950,0.46826484,0.88341012
18.00000000,80.00000000,4.00000000,20.00000000,4977.42120000,5746.78400000,1436.69600000,498.57240000,0.34702707,938.12360000,4478.84880000,0.41061644,0.45445205,0.84453904
18.00000000,80.00000000,4.00000000,30.00000000,7466.13180000,5746.78400000,1436.69600000,518.98980000,0.36123842,917.70620000,6947.14200000,0.39668950,0.46826484,0.88341012
18.00000000,80.00000000,4.00000000,40.00000000,9954.84240000,5746.78400000,1436.69600000,528.39360000,0.36778386,908.30240000,9426.44880000,0.39086758,0.47420091,0.90723051
18.00000000,120.00000000,2.50000000,20.00000000,4977.42120000,8620.17600000,3448.07040000,1001.18520000,0.29036101,2446.88520000,3976.23600000,0.46815068,0.39703196,0.76234379
18.00000000,120.00000000,2.50000000,30.00000000,7466.13180000,8620.17600000,3448.07040000,1113.40260000,0.32290599,2334.66780000,6352.72920000,0.43378995,0.43127854,0.79597178
18.00000000,120.00000000,2.50000000,40.00000000,9954.84240000,8620.17600000,3448.07040000,1167.86640000,0.33870144,2280.20400000,8786.97600000,0.41849315,0.44646119,0.82572946
18.00000000,120.00000000,3.00000000,20.00000000,4977.42120000,8620.17600000,2873.39200000,882.15520000,0.30700830,1991.23680000,4095.26600000,0.45114155,0.41404110,0.77527036
18.00000000,120.00000000,3.00000000,30.00000000,7466.13180000,8620.17600000,2873.39200000,958.00700000,0.33340630,1915.38500000,6508.12480000,0.42294521,0.44223744,0.81469031
18.00000000,120.00000000,3.00000000,40.00000000,9954.84240000,8620.17600000,2873.39200000,997.14480000,0.34702707,1876.24720000,8957.69760000,0.41061644,0.45456621,0.84453904
18.00000000,120.00000000,4.00000000,20.00000000,4977.42120000,8620.17600000,2155.04400000,704.33700000,0.32683184,1450.70700000,4273.08420000,0.42956621,0.43561644,0.80249830
18.00000000,120.00000000,4.00000000,30.00000000,7466.13180000,8620.17600000,2155.04400000,747.85860000,0.34702707,1407.18540000,6718.27320000,0.41061644,0.45445205,0.84453904
18.00000000,120.00000000,4.00000000,40.00000000,9954.84240000,8620.17600000,2155.04400000,771.26820000,0.35788977,1383.77580000,9183.57420000,0.40022831,0.46495434,0.87262173
18.00000000,160.00000000,2.50000000,20.00000000,4977.42120000,11493.56800000,4597.42720000,1188.56600000,0.25852851,3408.86120000,3788.85520000,0.49634703,0.36872146,0.75173163
18.00000000,160.00000000,2.50000000,30.00000000,7466.13180000,11493.56800000,4597.42720000,1386.44700000,0.30157019,3210.98020000,6079.68480000,0.45753425,0.40753425,0.77014296
18.00000000,160.00000000,2.50000000,40.00000000,9954.84240000,11493.56800000,4597.42720000,1484.53680000,0.32290599,3112.89040000,8470.30560000,0.43390411,0.43127854,0.79597178
18.00000000,160.00000000,3.00000000,20.00000000,4977.42120000,11493.56800000,3831.18933333,1070.49520000,0.27941590,2760.69413333,3906.92600000,0.47773973,0.38732877,0.75694346
18.00000000,160.00000000,3.00000000,30.00000000,7466.13180000,11493.56800000,3831.18933333,1210.53660000,0.31596888,2620.65273333,6255.59520000,0.44052511,0.42465753,0.78569493
18.00000000,160.00000000,3.00000000,40.00000000,9954.84240000,11493.56800000,3831.18933333,1277.34266667,0.33340630,2553.84666667,8677.49973333,0.42294521,0.44223744,0.81469031
18.00000000,160.00000000,4.00000000,20.00000000,4977.42120000,11493.56800000,2873.39200000,882.15520000,0.30700830,1991.23680000,4095.26600000,0.45114155,0.41404110,0.77527036
18.00000000,160.00000000,4.00000000,30.00000000,7466.13180000,11493.56800000,2873.39200000,958.00700000,0.33340630,1915.38500000,6508.12480000,0.42294521,0.44223744,0.81469031
18.00000000,160.00000000,4.00000000,40.00000000,9954.84240000,11493.56800000,2873.39200000,997.14480000,0.34702707,1876.24720000,8957.69760000,0.41061644,0.45445205,0.84453904
20.00000000,80.00000000,2.50000000,20.00000000,4977.42120000,6710.90400000,2684.36160000,872.21000000,0.32492269,1812.15160000,4105.21120000,0.47614155,0.42077626,0.77232192
20.00000000,80.00000000,2.50000000,30.00000000,7466.13180000,6710.90400000,2684.36160000,933.33680000,0.34769414,1751.02480000,6532.79500000,0.45239726,0.44463470,0.81610021
20.00000000,80.00000000,2.50000000,40.00000000,9954.84240000,6710.90400000,2684.36160000,966.52320000,0.36005701,1717.83840000,8988.31920000,0.44086758,0.45616438,0.84705948
20.00000000,80.00000000,3.00000000,20.00000000,4977.42120000,6710.90400000,2236.96800000,752.24453333,0.33627863,1484.72346667,4225.17666667,0.46358447,0.43344749,0.79145995
20.00000000,80.00000000,3.00000000,30.00000000,7466.13180000,6710.90400000,2236.96800000,795.86220000,0.35577719,1441.10580000,6670.26960000,0.44406393,0.45296804,0.83595712
20.00000000,80.00000000,3.00000000,40.00000000,9954.84240000,6710.90400000,2236.96800000,819.12853333,0.36617803,1417.83946667,9135.71386667,0.43230594,0.46472603,0.86562643
20.00000000,80.00000000,4.00000000,20.00000000,4977.42120000,6710.90400000,1677.72600000,588.32200000,0.35066632,1089.40400000,4389.09920000,0.44931507,0.44748858,0.82319790
20.00000000,80.00000000,4.00000000,30.00000000,7466.13180000,6710.90400000,1677.72600000,614.34640000,0.36617803,1063.37960000,6851.78540000,0.43230594,0.46472603,0.86562643
20.00000000,80.00000000,4.00000000,40.00000000,9954.84240000,6710.90400000,1677.72600000,625.81920000,0.37301633,1051.90680000,9329.02320000,0.42579909,0.47123288,0.89240223
20.00000000,120.00000000,2.50000000,20.00000000,4977.42120000,10066.35600000,4026.54240000,1165.30920000,0.28940691,2861.23320000,3812.11200000,0.51541096,0.38150685,0.74115639
20.00000000,120.00000000,2.50000000,30.00000000,7466.13180000,10066.35600000,4026.54240000,1308.31500000,0.32492269,2718.22740000,6157.81680000,0.47614155,0.42089041,0.77232192
20.00000000,120.00000000,2.50000000,40.00000000,9954.84240000,10066.35600000,4026.54240000,1376.85840000,0.34194559,2649.68400000,8577.98400000,0.45810502,0.43869863,0.80304406
20.00000000,120.00000000,3.00000000,20.00000000,4977.42120000,10066.35600000,3355.45200000,1031.28920000,0.30734733,2324.16280000,3946.13200000,0.49760274,0.39942922,0.75247692
20.00000000,120.00000000,3.00000000,30.00000000,7466.13180000,10066.35600000,3355.45200000,1128.36680000,0.33627863,2227.08520000,6337.76500000,0.46358447,0.43344749,0.79145995
20.00000000,120.00000000,3.00000000,40.00000000,9954.84240000,10066.35600000,3355.45200000,1176.64400000,0.35066632,2178.80800000,8778.19840000,0.44931507,0.44760274,0.82319790
20.00000000,120.00000000,4.00000000,20.00000000,4977.42120000,10066.35600000,2516.58900000,828.39600000,0.32917413,1688.19300000,4149.02520000,0.47123288,0.42579909,0.77891783
20.00000000,120.00000000,4.00000000,30.00000000,7466.13180000,10066.35600000,2516.58900000,882.48300000,0.35066632,1634.10600000,6583.64880000,0.44931507,0.44748858,0.82319790
20.00000000,120.00000000,4.00000000,40.00000000,9954.84240000,10066.35600000,2516.58900000,912.18720000,0.36246968,1604.40180000,9042.65520000,0.43698630,0.46004566,0.85371572
20.00000000,160.00000000,2.50000000,20.00000000,4977.42120000,13421.80800000,5368.72320000,1374.59360000,0.25603734,3994.12960000,3602.82760000,0.54531963,0.35171233,0.73427906
20.00000000,160.00000000,2.50000000,30.00000000,7466.13180000,13421.80800000,5368.72320000,1617.59920000,0.30130054,3751.12400000,5848.53260000,0.50319635,0.39383562,0.74793651
20.00000000,160.00000000,2.50000000,40.00000000,9954.84240000,13421.80800000,5368.72320000,1744.42000000,0.32492269,3624.30320000,8210.42240000,0.47614155,0.42077626,0.77232192
20.00000000,160.00000000,3.00000000,20.00000000,4977.42120000,13421.80800000,4473.93600000,1242.98506667,0.27782808,3230.95093333,3734.43613333,0.52716895,0.36986301,0.73697215
20.00000000,160.00000000,3.00000000,30.00000000,7466.13180000,13421.80800000,4473.93600000,1419.14960000,0.31720382,3054.78640000,6046.98220000,0.48595890,0.41107306,0.76228785
20.00000000,160.00000000,3.00000000,40.00000000,9954.84240000,13421.80800000,4473.93600000,1504.48906667,0.33627863,2969.44693333,8450.35333333,0.46358447,0.43344749,0.79145995
20.00000000,160.00000000,4.00000000,20.00000000,4977.42120000,13421.80800000,3355.45200000,1031.28920000,0.30734733,2324.16280000,3946.13200000,0.49748858,0.39942922,0.75247692
20.00000000,160.00000000,4.00000000,30.00000000,7466.13180000,13421.80800000,3355.45200000,1128.36680000,0.33627863,2227.08520000,6337.76500000,0.46358447,0.43344749,0.79145995
20.00000000,160.00000000,4.00000000,40.00000000,9954.84240000,13421.80800000,3355.45200000,1176.64400000,0.35066632,2178.80800000,8778.19840000,0.44931507,0.44748858,0.82319790
